Saison,Team,MarketValue,prior_rank,prior_points,prior_gf,is_promoted,log_mv,mv_rank
2009,FC Bayern München,279.55,18.0,20.0,40.0,True,5.633181167472654,1.0
2009,VfL Wolfsburg,155.43,18.0,20.0,40.0,True,5.046195469494807,2.0
2009,SV Werder Bremen,143.95,18.0,20.0,40.0,True,4.969466017058185,3.0
2009,Hamburger SV,136.28,18.0,20.0,40.0,True,4.914711592792766,4.0
2009,FC Schalke 04,134.55,18.0,20.0,40.0,True,4.901935877172915,5.0
2009,Bayer 04 Leverkusen,132.9,18.0,20.0,40.0,True,4.8895969657192,6.0
2009,VfB Stuttgart,124.65,18.0,20.0,40.0,True,4.825509809969567,7.0
2009,Borussia Dortmund,109.4,18.0,20.0,40.0,True,4.695010889987881,8.0
2009,TSG Hoffenheim,97.5,18.0,20.0,40.0,True,4.579852378003801,9.0
2009,Hertha BSC,61.98,18.0,20.0,40.0,True,4.126811752359602,10.0
2009,Eintracht Frankfurt,59.2,18.0,20.0,40.0,True,4.0809215418899605,11.0
2009,1.FC Köln,59.13,18.0,20.0,40.0,True,4.079738409832738,12.0
2009,Borussia Mönchengladbach,55.0,18.0,20.0,40.0,True,4.007333185232471,13.0
2009,Hannover 96,50.88,18.0,20.0,40.0,True,3.9294699190318667,14.0
2009,1.FSV Mainz 05,48.78,18.0,20.0,40.0,True,3.887320392787774,15.0
2009,1.FC Nürnberg,47.5,18.0,20.0,40.0,True,3.8607297110405954,16.0
2009,VfL Bochum,39.9,18.0,20.0,40.0,True,3.686376323895818,17.0
2009,SC Freiburg,39.45,18.0,20.0,40.0,True,3.6750340472918834,18.0
2010,FC Bayern München,308.98,1.0,70.0,72.0,False,5.733276549883904,1.0
2010,Borussia Dortmund,169.95,5.0,57.0,54.0,False,5.135504276142125,2.0
2010,FC Schalke 04,157.18,2.0,65.0,53.0,False,5.057391645438029,3.0
2010,SV Werder Bremen,151.13,3.0,61.0,71.0,False,5.018140393582029,4.0
2010,Bayer 04 Leverkusen,147.68,4.0,59.0,65.0,False,4.995047770754542,5.0
2010,VfL Wolfsburg,145.1,8.0,50.0,64.0,False,4.977423159890142,6.0
2010,TSG Hoffenheim,126.13,11.0,42.0,44.0,False,4.837313121099101,7.0
2010,Hamburger SV,112.13,7.0,52.0,56.0,False,4.71965891247279,8.0
2010,VfB Stuttgart,105.25,6.0,55.0,51.0,False,4.656338472562491,9.0
2010,1.FC Köln,69.28,13.0,38.0,33.0,False,4.2381562642541795,10.0
2010,Borussia Mönchengladbach,66.55,12.0,39.0,43.0,False,4.197953544841121,11.0
2010,Hannover 96,65.35,15.0,33.0,43.0,False,4.179757440070231,12.0
2010,1.FSV Mainz 05,60.6,9.0,47.0,36.0,False,4.104294893075269,13.0
2010,1.FC Nürnberg,60.2,16.0,31.0,32.0,False,4.097672352314776,14.0
2010,SC Freiburg,59.95,14.0,35.0,35.0,False,4.093510881473524,15.0
2010,1.FC Kaiserslautern,50.5,16.0,33.5,39.199999999999996,True,3.9219733362813143,16.0
2010,Eintracht Frankfurt,47.58,10.0,46.0,47.0,False,3.8624125048748117,17.0
2010,FC St.Pauli,30.5,17.0,32.0,50.4,True,3.417726683613366,18.0
2011,FC Bayern München,356.0,3.0,65.0,81.0,False,5.87493073085203,1.0
2011,Borussia Dortmund,215.95,1.0,75.0,67.0,False,5.37504689940671,2.0
2011,FC Schalke 04,155.23,14.0,40.0,38.0,False,5.0449078880383516,3.0
2011,Bayer 04 Leverkusen,134.85,2.0,68.0,64.0,False,4.904163049585739,4.0
2011,VfL Wolfsburg,125.8,15.0,38.0,43.0,False,4.8346933442663405,5.0
2011,VfB Stuttgart,118.0,12.0,42.0,60.0,False,4.770684624465665,6.0
2011,SV Werder Bremen,111.95,13.0,41.0,47.0,False,4.718052343044764,7.0
2011,TSG 1899 Hoffenheim,88.65,18.0,20.0,47.5,True,4.484696032520217,8.0
2011,Borussia Mönchengladbach,88.3,16.0,36.0,48.0,False,4.480740107609915,9.0
2011,Hamburger SV,85.9,8.0,45.0,46.0,False,4.45318382899021,10.0
2011,Hannover 96,76.8,4.0,60.0,49.0,False,4.341204640153626,11.0
2011,SC Freiburg,69.43,9.0,44.0,41.0,False,4.240319050765182,12.0
2011,1.FC Köln,60.18,10.0,44.0,47.0,False,4.0973400712018995,13.0
2011,1.FC Nürnberg,52.1,6.0,47.0,47.0,False,3.9531649487593215,14.0
2011,1.FSV Mainz 05,52.0,5.0,58.0,52.0,False,3.9512437185814275,15.0
2011,Hertha BSC,45.6,16.0,37.0,48.3,True,3.8199077165203406,16.0
2011,1.FC Kaiserslautern,42.6,7.0,46.0,48.0,False,3.751854253275325,17.0
2011,FC Augsburg,38.35,17.0,32.5,40.599999999999994,True,3.646754527813265,18.0
2012,FC Bayern München,462.4,2.0,73.0,77.0,False,6.136430317358168,1.0
2012,Borussia Dortmund,302.3,1.0,81.0,80.0,False,5.711419901785413,2.0
2012,FC Schalke 04,183.55,3.0,64.0,74.0,False,5.212487109942844,3.0
2012,Bayer 04 Leverkusen,155.3,5.0,54.0,52.0,False,5.045358730154642,4.0
2012,VfL Wolfsburg,109.0,8.0,44.0,47.0,False,4.6913478822291435,5.0
2012,Hamburger SV,104.95,15.0,36.0,35.0,False,4.653484046266642,6.0
2012,VfB Stuttgart,93.13,6.0,53.0,63.0,False,4.533996366533566,7.0
2012,Borussia Mönchengladbach,87.33,4.0,60.0,49.0,False,4.469694046425642,8.0
2012,Hannover 96,83.15,7.0,48.0,41.0,False,4.420646205638937,9.0
2012,TSG Hoffenheim,78.25,18.0,20.0,46.0,True,4.359908829420263,10.0
2012,SV Werder Bremen,78.0,9.0,42.0,49.0,False,4.356708826689592,11.0
2012,Eintracht Frankfurt,68.4,17.0,34.0,53.199999999999996,True,4.225372824628505,12.0
2012,SC Freiburg,65.8,12.0,40.0,45.0,False,4.186619838331271,13.0
2012,1.FSV Mainz 05,52.43,13.0,39.0,47.0,False,3.9594789465844413,14.0
2012,1.FC Nürnberg,46.83,10.0,42.0,38.0,False,3.8465240231954505,15.0
2012,FC Augsburg,38.45,14.0,38.0,36.0,False,3.649358695951653,16.0
2012,SpVgg Greuther Fürth,33.33,16.0,35.0,51.099999999999994,True,3.506457892319648,17.0
2012,Fortuna Düsseldorf,31.15,18.0,31.0,44.8,True,3.4388142452334622,18.0
2013,FC Bayern München,556.88,1.0,91.0,98.0,False,6.322349776860411,1.0
2013,Borussia Dortmund,326.05,2.0,66.0,81.0,False,5.787050743839211,2.0
2013,FC Schalke 04,203.25,4.0,55.0,58.0,False,5.31443674842792,3.0
2013,Bayer 04 Leverkusen,175.88,3.0,65.0,65.0,False,5.169801944312609,4.0
2013,VfL Wolfsburg,155.23,11.0,43.0,47.0,False,5.0449078880383516,5.0
2013,Borussia Mönchengladbach,111.38,8.0,47.0,45.0,False,4.7129477781615225,6.0
2013,VfB Stuttgart,108.3,12.0,43.0,37.0,False,4.684905154006945,7.0
2013,Hamburger SV,102.78,7.0,48.0,42.0,False,4.632590781564083,8.0
2013,TSG 1899 Hoffenheim,97.4,18.0,20.0,45.0,True,4.578826210648489,9.0
2013,Eintracht Frankfurt,86.2,6.0,51.0,49.0,False,4.456670177669648,10.0
2013,Hannover 96,80.23,9.0,45.0,60.0,False,4.3848975097655645,11.0
2013,SC Freiburg,71.68,5.0,51.0,45.0,False,4.272211768666675,12.0
2013,Hertha BSC,68.08,16.0,38.0,45.5,True,4.220683484265119,13.0
2013,SV Werder Bremen,66.4,14.0,34.0,50.0,False,4.1956970564823886,14.0
2013,1.FSV Mainz 05,59.45,13.0,42.0,42.0,False,4.085135623136791,15.0
2013,1.FC Nürnberg,56.45,10.0,44.0,39.0,False,4.033355290595671,16.0
2013,FC Augsburg,45.95,15.0,33.0,33.0,False,3.827553848801696,17.0
2013,Eintracht Braunschweig,28.58,17.0,33.5,36.4,True,3.3527071725017215,18.0
2014,FC Bayern München,575.13,1.0,90.0,94.0,False,6.354596102200068,1.0
2014,Borussia Dortmund,319.5,2.0,71.0,80.0,False,5.766757273817589,2.0
2014,VfL Wolfsburg,221.05,5.0,60.0,63.0,False,5.398388920272252,3.0
2014,FC Schalke 04,212.0,3.0,64.0,63.0,False,5.356586274672012,4.0
2014,Bayer 04 Leverkusen,177.1,4.0,61.0,60.0,False,5.176714544788788,5.0
2014,Borussia Mönchengladbach,130.63,6.0,55.0,59.0,False,4.872368899498472,6.0
2014,TSG Hoffenheim,121.78,18.0,20.0,50.0,True,4.802216138180428,7.0
2014,1.FSV Mainz 05,88.0,7.0,53.0,52.0,False,4.477336814478207,8.0
2014,Hamburger SV,87.15,16.0,27.0,51.0,False,4.46763077196603,9.0
2014,VfB Stuttgart,86.95,15.0,32.0,49.0,False,4.465333240800292,10.0
2014,Hannover 96,76.65,10.0,42.0,46.0,False,4.339249605317823,11.0
2014,Eintracht Frankfurt,74.9,13.0,36.0,40.0,False,4.316153890523174,12.0
2014,SV Werder Bremen,67.53,12.0,39.0,42.0,False,4.212571943586751,13.0
2014,Hertha BSC,66.0,11.0,41.0,40.0,False,4.189654742026425,14.0
2014,SC Freiburg,57.4,14.0,36.0,43.0,False,4.050044303325521,15.0
2014,1.FC Köln,50.75,16.0,34.0,37.099999999999994,True,3.926911617921897,16.0
2014,FC Augsburg,50.08,8.0,52.0,47.0,False,3.913621726791843,17.0
2014,SC Paderborn 07,28.5,17.0,31.0,44.099999999999994,True,3.349904087274605,18.0
2015,FC Bayern München,596.05,1.0,79.0,80.0,False,6.3903245561640105,1.0
2015,Borussia Dortmund,352.95,7.0,46.0,47.0,False,5.866326403841481,2.0
2015,VfL Wolfsburg,270.43,2.0,69.0,72.0,False,5.600013284760236,3.0
2015,Bayer 04 Leverkusen,241.3,4.0,61.0,62.0,False,5.4860409726309864,4.0
2015,FC Schalke 04,225.2,6.0,48.0,42.0,False,5.4169888962655355,5.0
2015,Borussia Mönchengladbach,186.15,3.0,66.0,53.0,False,5.226552800318726,6.0
2015,TSG Hoffenheim,90.2,8.0,44.0,49.0,False,4.502029427068578,7.0
2015,1.FSV Mainz 05,85.15,11.0,40.0,45.0,False,4.444414407108697,8.0
2015,VfB Stuttgart,81.18,14.0,36.0,42.0,False,4.396668911410751,9.0
2015,Hertha BSC,78.93,15.0,35.0,36.0,False,4.368561383720311,10.0
2015,Eintracht Frankfurt,76.6,9.0,43.0,56.0,False,4.338597076746545,11.0
2015,FC Augsburg,75.83,5.0,49.0,43.0,False,4.328493992712844,12.0
2015,1.FC Köln,68.63,12.0,40.0,34.0,False,4.2287297569205435,13.0
2015,SV Werder Bremen,64.68,10.0,43.0,50.0,False,4.169452034708907,14.0
2015,Hamburger SV,63.2,16.0,35.0,25.0,False,4.146304301152812,15.0
2015,Hannover 96,60.83,13.0,37.0,40.0,False,4.108083088332614,16.0
2015,FC Ingolstadt 04,35.65,16.0,32.0,37.099999999999994,True,3.573749146860305,17.0
2015,SV Darmstadt 98,25.15,17.0,29.5,30.799999999999997,True,3.224857896545748,18.0
2016,FC Bayern München,562.55,1.0,88.0,80.0,False,6.332480019017081,1.0
2016,Borussia Dortmund,390.65,2.0,78.0,82.0,False,5.967812018442753,2.0
2016,Bayer 04 Leverkusen,265.03,3.0,60.0,56.0,False,5.579843027125901,3.0
2016,FC Schalke 04,217.25,5.0,52.0,51.0,False,5.381048764145501,4.0
2016,VfL Wolfsburg,203.08,8.0,45.0,47.0,False,5.313599990079194,5.0
2016,RB Leipzig,176.33,17.0,33.5,37.8,True,5.172357239419832,6.0
2016,Borussia Mönchengladbach,162.18,4.0,55.0,67.0,False,5.088706829516411,7.0
2016,TSG Hoffenheim,138.63,15.0,37.0,39.0,False,4.931808513550284,8.0
2016,1.FC Köln,116.15,9.0,43.0,38.0,False,4.754882459216418,9.0
2016,1.FSV Mainz 05,96.73,6.0,50.0,46.0,False,4.571923592194456,10.0
2016,Hertha BSC,96.53,7.0,50.0,42.0,False,4.569853840860524,11.0
2016,SV Werder Bremen,89.45,13.0,38.0,50.0,False,4.493679809954728,12.0
2016,SC Freiburg,86.73,16.0,36.0,52.5,True,4.462799844696365,13.0
2016,Hamburger SV,80.48,10.0,41.0,40.0,False,4.388008706351429,14.0
2016,Eintracht Frankfurt,72.3,16.0,36.0,34.0,False,4.280824129164719,15.0
2016,FC Augsburg,65.85,12.0,38.0,42.0,False,4.18737942818929,16.0
2016,FC Ingolstadt 04,38.63,11.0,40.0,33.0,False,3.65402917667819,17.0
2016,SV Darmstadt 98,25.98,14.0,38.0,38.0,False,3.2573270112424533,18.0
2017,FC Bayern München,811.85,1.0,82.0,89.0,False,6.6993155940331235,1.0
2017,Borussia Dortmund,574.2,3.0,64.0,72.0,False,6.352977767686964,2.0
2017,RB Leipzig,373.3,2.0,67.0,66.0,False,5.922382385920538,3.0
2017,Bayer 04 Leverkusen,357.35,12.0,41.0,53.0,False,5.878715693665988,4.0
2017,FC Schalke 04,274.35,10.0,43.0,45.0,False,5.614404663504985,5.0
2017,TSG Hoffenheim,212.75,4.0,62.0,64.0,False,5.360117767453484,6.0
2017,Borussia Mönchengladbach,193.25,9.0,45.0,45.0,False,5.263984687467532,7.0
2017,VfL Wolfsburg,143.6,16.0,37.0,34.0,False,4.9670316566141235,8.0
2017,VfB Stuttgart,134.7,16.0,34.5,44.099999999999994,True,4.903050083416319,9.0
2017,Hertha BSC,131.45,6.0,49.0,43.0,False,4.87862655117589,10.0
2017,Eintracht Frankfurt,126.15,11.0,42.0,36.0,False,4.837471675087067,11.0
2017,SV Werder Bremen,107.15,8.0,45.0,61.0,False,4.674229721919586,12.0
2017,SC Freiburg,100.6,7.0,48.0,42.0,False,4.611152257665639,13.0
2017,FC Augsburg,100.45,13.0,38.0,35.0,False,4.609660091260944,14.0
2017,1.FSV Mainz 05,98.35,15.0,37.0,44.0,False,4.5885325448350684,15.0
2017,Hannover 96,92.95,17.0,33.5,35.699999999999996,True,4.532061714167453,16.0
2017,1.FC Köln,91.73,5.0,49.0,51.0,False,4.518849479521564,17.0
2017,Hamburger SV,62.4,14.0,38.0,33.0,False,4.133565275375382,18.0
2018,FC Bayern München,784.88,1.0,84.0,92.0,False,6.665530839855135,1.0
2018,Borussia Dortmund,643.25,4.0,55.0,64.0,False,6.466533451161854,2.0
2018,RB Leipzig,479.0,6.0,53.0,57.0,False,6.171700597410915,3.0
2018,Bayer 04 Leverkusen,429.4,5.0,55.0,58.0,False,6.062388885444681,4.0
2018,TSG Hoffenheim,336.25,3.0,55.0,66.0,False,5.817854930916049,5.0
2018,Eintracht Frankfurt,313.4,8.0,49.0,45.0,False,5.74748032992192,6.0
2018,Borussia Mönchengladbach,264.3,9.0,47.0,47.0,False,5.577084821610244,7.0
2018,VfL Wolfsburg,229.25,16.0,33.0,36.0,False,5.434813111136574,8.0
2018,FC Schalke 04,221.3,2.0,63.0,53.0,False,5.399519247057004,9.0
2018,Hertha BSC,207.63,10.0,43.0,43.0,False,5.335757649521882,10.0
2018,SV Werder Bremen,168.05,11.0,42.0,37.0,False,5.124261554171115,11.0
2018,1.FSV Mainz 05,159.73,14.0,36.0,38.0,False,5.073484889801866,12.0
2018,VfB Stuttgart,143.75,7.0,51.0,36.0,False,4.96807567967746,13.0
2018,FC Augsburg,139.25,12.0,41.0,43.0,False,4.9362708788073935,14.0
2018,SC Freiburg,122.1,15.0,36.0,32.0,False,4.804840381116659,15.0
2018,Fortuna Düsseldorf,94.95,16.0,31.5,39.9,True,4.553350437258295,16.0
2018,Hannover 96,91.43,13.0,39.0,44.0,False,4.515573652176335,17.0
2018,1.FC Nürnberg,54.4,17.0,30.0,42.699999999999996,True,3.996364153861897,18.0
2019,FC Bayern München,777.33,1.0,78.0,88.0,False,6.655864970628413,1.0
2019,Borussia Dortmund,654.05,2.0,76.0,81.0,False,6.483183801134236,2.0
2019,RB Leipzig,570.48,3.0,66.0,63.0,False,6.346478111720049,3.0
2019,Bayer 04 Leverkusen,398.95,4.0,58.0,69.0,False,5.98883609575429,4.0
2019,Borussia Mönchengladbach,254.7,5.0,55.0,55.0,False,5.540086381985411,5.0
2019,TSG Hoffenheim,226.05,9.0,51.0,70.0,False,5.4207562137406144,6.0
2019,FC Schalke 04,221.58,14.0,33.0,37.0,False,5.400783698092527,7.0
2019,Hertha BSC,217.2,11.0,43.0,49.0,False,5.38081858805978,8.0
2019,Eintracht Frankfurt,208.98,7.0,54.0,60.0,False,5.342238553605965,9.0
2019,VfL Wolfsburg,207.6,6.0,55.0,62.0,False,5.335613151291733,10.0
2019,SV Werder Bremen,135.13,8.0,53.0,58.0,False,4.9062372780499945,11.0
2019,SC Freiburg,122.65,13.0,36.0,46.0,False,4.809334770704498,12.0
2019,1.FSV Mainz 05,121.58,12.0,43.0,46.0,False,4.800572482320576,13.0
2019,FC Augsburg,112.95,15.0,32.0,51.0,False,4.726945242914012,14.0
2019,1.FC Köln,98.48,16.0,31.5,58.8,True,4.589853481876198,15.0
2019,Fortuna Düsseldorf,71.78,10.0,44.0,49.0,False,4.273605885719461,16.0
2019,1.FC Union Berlin,41.2,18.0,28.5,37.8,True,3.7184382563554808,17.0
2019,SC Paderborn 07,28.9,17.0,28.5,53.199999999999996,True,3.3638415951183864,18.0
2020,FC Bayern München,858.23,1.0,82.0,100.0,False,6.754872128832953,1.0
2020,Borussia Dortmund,628.4,2.0,69.0,84.0,False,6.443176906381466,2.0
2020,RB Leipzig,574.95,3.0,66.0,81.0,False,6.354283080494674,3.0
2020,Bayer 04 Leverkusen,373.25,5.0,63.0,61.0,False,5.9222484364192995,4.0
2020,Borussia Mönchengladbach,300.75,4.0,65.0,66.0,False,5.7062793548547885,5.0
2020,Eintracht Frankfurt,269.15,9.0,45.0,59.0,False,5.5952688450069665,6.0
2020,VfL Wolfsburg,256.83,7.0,49.0,48.0,False,5.548414387422504,7.0
2020,Hertha BSC,228.88,10.0,41.0,48.0,False,5.433197848741854,8.0
2020,DSC Arminia Bielefeld,228.15,16.0,34.0,45.5,True,5.430003307373411,9.5
2020,TSG Hoffenheim,228.15,6.0,52.0,53.0,False,5.430003307373411,9.5
2020,VfB Stuttgart,189.25,17.0,29.0,43.4,True,5.243068892317559,11.0
2020,1.FSV Mainz 05,163.3,13.0,37.0,44.0,False,5.095588999976419,12.0
2020,SC Freiburg,139.1,8.0,48.0,48.0,False,4.935193098929397,13.0
2020,FC Schalke 04,123.05,12.0,39.0,38.0,False,4.812590776837065,14.0
2020,1.FC Köln,118.2,14.0,36.0,51.0,False,4.772378104971998,15.0
2020,SV Werder Bremen,111.98,16.0,31.0,42.0,False,4.718320283920748,16.0
2020,FC Augsburg,93.05,15.0,36.0,45.0,False,4.5331369830882595,17.0
2020,1.FC Union Berlin,82.05,11.0,41.0,41.0,False,4.4073288175361,18.0
2021,FC Bayern München,790.33,1.0,78.0,99.0,False,6.67245057975871,1.0
2021,Borussia Dortmund,558.98,3.0,64.0,75.0,False,6.326113694339732,2.0
2021,RB Leipzig,498.95,2.0,65.0,60.0,False,6.212505890330322,3.0
2021,Bayer 04 Leverkusen,455.05,6.0,52.0,53.0,False,6.120407303023365,4.0
2021,VfL Wolfsburg,269.3,4.0,61.0,61.0,False,5.595825999817554,5.0
2021,Borussia Mönchengladbach,236.8,8.0,49.0,64.0,False,5.46721590300985,6.0
2021,Eintracht Frankfurt,228.75,5.0,60.0,69.0,False,5.432629704155631,7.0
2021,TSG Hoffenheim,211.43,11.0,43.0,52.0,False,5.353893974436778,8.0
2021,DSC Arminia Bielefeld,176.35,15.0,35.0,26.0,False,5.172470656682061,9.5
2021,SC Freiburg,176.35,10.0,45.0,52.0,False,5.172470656682061,9.5
2021,VfB Stuttgart,174.23,9.0,45.0,56.0,False,5.160376265434814,11.0
2021,Hertha BSC,155.78,14.0,35.0,41.0,False,5.048444755491802,12.0
2021,1.FSV Mainz 05,131.03,12.0,39.0,39.0,False,4.875426304616494,13.0
2021,1.FC Union Berlin,115.9,7.0,50.0,50.0,False,4.752727750345706,14.0
2021,1.FC Köln,99.28,16.0,33.0,34.0,False,4.5979441408963515,15.0
2021,FC Augsburg,95.3,13.0,36.0,36.0,False,4.557029810660157,16.0
2021,VfL Bochum,52.25,16.0,33.5,46.199999999999996,True,3.9560398908449206,17.0
2021,SpVgg Greuther Fürth,36.95,17.0,32.0,48.3,True,3.609565647394211,18.0
2022,FC Bayern München,948.95,1.0,77.0,97.0,False,6.855356110182929,1.0
2022,Borussia Dortmund,567.55,2.0,69.0,85.0,False,6.341328851201348,2.0
2022,RB Leipzig,486.4,4.0,58.0,72.0,False,6.1870313306519575,3.0
2022,Bayer 04 Leverkusen,452.5,3.0,64.0,80.0,False,6.114787763139981,4.0
2022,Eintracht Frankfurt,324.55,11.0,42.0,45.0,False,5.7824396074794775,5.0
2022,Borussia Mönchengladbach,241.68,10.0,45.0,54.0,False,5.487614537078416,6.0
2022,VfL Wolfsburg,238.3,12.0,42.0,43.0,False,5.473530384104697,7.0
2022,SC Freiburg,200.95,6.0,55.0,58.0,False,5.30305612089521,8.0
2022,TSG Hoffenheim,178.8,9.0,46.0,58.0,False,5.186267862739414,9.0
2022,1.FC Union Berlin,157.95,5.0,57.0,50.0,False,5.062278527248094,10.0
2022,VfB Stuttgart,151.05,15.0,33.0,41.0,False,5.017610907832681,11.0
2022,1.FSV Mainz 05,135.8,8.0,46.0,50.0,False,4.911183215124596,12.0
2022,FC Augsburg,132.23,14.0,38.0,39.0,False,4.884542830568732,13.0
2022,1.FC Köln,115.65,7.0,52.0,52.0,False,4.750568388677448,14.0
2022,Hertha BSC,94.0,16.0,33.0,37.0,False,4.543294782270004,15.0
2022,SV Werder Bremen,89.5,17.0,31.5,45.5,True,4.4942386252808095,16.0
2022,FC Schalke 04,87.78,16.0,32.5,50.4,True,4.474833684260088,17.0
2022,VfL Bochum,53.7,13.0,42.0,38.0,False,3.983413001514819,18.0
2023,FC Bayern München,965.15,1.0,71.0,92.0,False,6.872283529673884,1.0
2023,Bayer 04 Leverkusen,658.35,6.0,50.0,57.0,False,6.489736704802353,2.0
2023,RB Leipzig,545.4,3.0,66.0,64.0,False,6.301519470411488,3.0
2023,Borussia Dortmund,494.8,2.0,71.0,83.0,False,6.204153640518333,4.0
2023,VfB Stuttgart,346.63,16.0,33.0,45.0,False,5.84825792864258,5.0
2023,Eintracht Frankfurt,326.65,7.0,50.0,58.0,False,5.7888892612867595,6.0
2023,VfL Wolfsburg,206.45,8.0,49.0,57.0,False,5.330058252332099,7.0
2023,SC Freiburg,180.35,5.0,59.0,51.0,False,5.194899407349548,8.0
2023,TSG Hoffenheim,176.0,12.0,36.0,48.0,False,5.170483995038151,9.0
2023,Borussia Mönchengladbach,165.23,10.0,43.0,52.0,False,5.1073384426629,10.0
2023,1.FC Union Berlin,160.95,4.0,62.0,51.0,False,5.081093757744817,11.0
2023,1.FSV Mainz 05,142.88,9.0,46.0,54.0,False,4.9620051171281885,12.0
2023,FC Augsburg,140.8,15.0,34.0,42.0,False,4.9473404437239425,13.0
2023,SV Werder Bremen,134.93,13.0,36.0,51.0,False,4.904756125442696,14.0
2023,1.FC Köln,81.45,11.0,42.0,49.0,False,4.399989335048054,15.0
2023,1.FC Heidenheim 1846,66.45,16.0,33.5,46.9,True,4.196449785159254,16.0
2023,VfL Bochum,64.53,14.0,35.0,40.0,False,4.167130231947748,17.0
2023,SV Darmstadt 98,38.7,17.0,33.5,35.0,True,3.655839600035736,18.0
2024,FC Bayern München,953.55,3.0,72.0,94.0,False,6.860191862050527,1.0
2024,Bayer 04 Leverkusen,623.35,1.0,90.0,89.0,False,6.435108158790984,2.0
2024,RB Leipzig,513.7,4.0,65.0,77.0,False,6.241639437473222,3.0
2024,Borussia Dortmund,508.28,5.0,63.0,68.0,False,6.231032476836334,4.0
2024,Eintracht Frankfurt,431.25,6.0,47.0,51.0,False,6.06668796834557,5.0
2024,VfB Stuttgart,365.23,2.0,73.0,78.0,False,5.9005272921158465,6.0
2024,VfL Wolfsburg,296.3,12.0,37.0,41.0,False,5.691372454579519,7.0
2024,Borussia Mönchengladbach,187.5,14.0,34.0,56.0,False,5.233778845410465,8.0
2024,TSG Hoffenheim,187.1,7.0,46.0,66.0,False,5.231643233280044,9.0
2024,SC Freiburg,186.2,10.0,42.0,45.0,False,5.226821364842967,10.0
2024,1.FSV Mainz 05,175.13,13.0,35.0,39.0,False,5.165528555284573,11.0
2024,FC Augsburg,158.88,11.0,39.0,50.0,False,5.068149200296863,12.0
2024,1.FC Union Berlin,136.05,15.0,33.0,33.0,False,4.913022465229256,13.0
2024,SV Werder Bremen,132.0,9.0,42.0,48.0,False,4.882801922586371,14.0
2024,1.FC Heidenheim 1846,72.53,8.0,42.0,50.0,False,4.284000269375321,15.0
2024,FC St.Pauli,65.78,16.0,34.5,43.4,True,4.186315840760911,16.0
2024,VfL Bochum,57.1,16.0,33.0,42.0,False,4.044804116661965,17.0
2024,Holstein Kiel,47.13,17.0,34.0,45.5,True,3.8529097409356394,18.0
2025,FC Bayern München,857.5,1.0,82.0,99.0,False,6.754021179040095,1.0
2025,Bayer 04 Leverkusen,439.75,2.0,69.0,72.0,False,6.086206383617667,2.0
2025,Borussia Dortmund,438.1,4.0,57.0,71.0,False,6.082447194819853,3.0
2025,RB Leipzig,422.75,7.0,51.0,53.0,False,6.04678098777869,4.0
2025,Eintracht Frankfurt,336.4,3.0,60.0,68.0,False,5.818300928098793,5.0
2025,VfB Stuttgart,277.63,9.0,50.0,64.0,False,5.626289291957863,6.0
2025,VfL Wolfsburg,264.4,11.0,43.0,56.0,False,5.577463107977531,7.0
2025,SC Freiburg,167.7,5.0,55.0,49.0,False,5.122176668829163,8.0
2025,TSG Hoffenheim,154.85,15.0,32.0,46.0,False,5.042456906419212,9.0
2025,Borussia Mönchengladbach,153.85,10.0,45.0,55.0,False,5.035978101768051,10.0
2025,SV Werder Bremen,143.0,8.0,51.0,54.0,False,4.962844630259907,11.0
2025,1.FSV Mainz 05,138.58,6.0,52.0,55.0,False,4.931447776199235,12.0
2025,FC Augsburg,127.83,12.0,43.0,35.0,False,4.8507012561799305,13.0
2025,1.FC Union Berlin,124.4,13.0,40.0,35.0,False,4.823502180305079,14.0
2025,Hamburger SV,80.35,17.0,29.5,54.599999999999994,True,4.386392092183521,15.0
2025,1.FC Köln,74.68,16.0,30.5,37.099999999999994,True,4.313212318673522,16.0
2025,1.FC Heidenheim 1846,58.9,16.0,29.0,37.0,False,4.075841090657541,17.0
2025,FC St.Pauli,52.15,14.0,32.0,28.0,False,3.9541241814467813,18.0
2026,FC Bayern München,1080.0,1.0,89.0,122.0,False,6.984716320118266,1.0
2026,RB Leipzig,604.8,3.0,65.0,66.0,False,6.404897824865323,2.0
2026,Bayer 04 Leverkusen,513.45,6.0,59.0,68.0,False,6.2411526536443045,3.0
2026,Borussia Dortmund,464.2,2.0,73.0,70.0,False,6.140315493840337,4.0
2026,VfB Stuttgart,420.15,4.0,62.0,71.0,False,6.040611790374228,5.0
2026,Eintracht Frankfurt,361.85,8.0,44.0,61.0,False,5.891229761312137,6.0
2026,TSG Hoffenheim,294.95,5.0,61.0,65.0,False,5.686805850449084,7.0
2026,SC Freiburg,242.55,7.0,47.0,51.0,False,5.491207874691225,8.0
2026,1.FSV Mainz 05,169.2,10.0,40.0,43.0,False,5.1310814471721224,9.0
2026,FC Augsburg,164.25,9.0,43.0,45.0,False,5.10138965736472,10.0
2026,SV Werder Bremen,149.83,15.0,32.0,37.0,False,5.009501318055053,11.0
2026,Borussia Mönchengladbach,136.0,12.0,38.0,42.0,False,4.912654885736052,12.0
2026,1.FC Köln,123.9,14.0,32.0,49.0,False,4.819474788635096,13.0
2026,1.FC Union Berlin,109.88,11.0,39.0,42.0,False,4.699388861227073,14.0
2026,Hamburger SV,106.15,13.0,38.0,40.0,False,4.664853188149265,15.0
2026,FC Schalke 04,60.33,16.0,35.0,35.0,True,4.09982949245267,16.0
2026,SV 07 Elversberg,51.6,17.0,31.0,44.8,True,3.9435216724875173,17.0
2026,SC Paderborn 07,37.88,18.0,31.0,41.3,True,3.6344232683178777,18.0
