Saison,Liga,champion,herbstmeister,bottom3,top_scorer_team,n_teams,n_matches
2009,bl1,FC Bayern München,Bayer 04 Leverkusen,1.FC Nürnberg|Hertha BSC|VfL Bochum,Bayer 04 Leverkusen,18,306
2010,bl1,Borussia Dortmund,Borussia Dortmund,Borussia Mönchengladbach|Eintracht Frankfurt|FC St.Pauli,FC Bayern München,18,306
2011,bl1,Borussia Dortmund,FC Bayern München,1.FC Kaiserslautern|1.FC Köln|Hertha BSC,FC Schalke 04,18,306
2012,bl1,FC Bayern München,FC Bayern München,Fortuna Düsseldorf|SpVgg Greuther Fürth|TSG Hoffenheim,Bayer 04 Leverkusen,18,306
2013,bl1,FC Bayern München,FC Bayern München,1.FC Nürnberg|Eintracht Braunschweig|Hamburger SV,Borussia Dortmund,18,306
2014,bl1,FC Bayern München,FC Bayern München,Hamburger SV|SC Freiburg|SC Paderborn 07,Eintracht Frankfurt,18,306
2015,bl1,FC Bayern München,FC Bayern München,Eintracht Frankfurt|Hannover 96|VfB Stuttgart,FC Bayern München,18,306
2016,bl1,FC Bayern München,FC Bayern München,FC Ingolstadt 04|SV Darmstadt 98|VfL Wolfsburg,FC Bayern München,18,306
2017,bl1,FC Bayern München,FC Bayern München,1.FC Köln|Hamburger SV|VfL Wolfsburg,FC Bayern München,18,306
2018,bl1,FC Bayern München,Borussia Dortmund,1.FC Nürnberg|Hannover 96|VfB Stuttgart,FC Bayern München,18,306
2019,bl1,FC Bayern München,RB Leipzig,Fortuna Düsseldorf|SC Paderborn 07|SV Werder Bremen,FC Bayern München,18,306
2020,bl1,FC Bayern München,FC Bayern München,1.FC Köln|FC Schalke 04|SV Werder Bremen,FC Bayern München,18,306
2021,bl1,FC Bayern München,FC Bayern München,DSC Arminia Bielefeld|Hertha BSC|SpVgg Greuther Fürth,FC Bayern München,18,306
2022,bl1,FC Bayern München,FC Bayern München,FC Schalke 04|Hertha BSC|VfB Stuttgart,SV Werder Bremen,18,306
2023,bl1,Bayer 04 Leverkusen,Bayer 04 Leverkusen,1.FC Köln|SV Darmstadt 98|VfL Bochum,FC Bayern München,18,306
2024,bl1,FC Bayern München,FC Bayern München,1.FC Heidenheim 1846|Holstein Kiel|VfL Bochum,FC Bayern München,18,306
